{"model_name": "vE10-B64", "loss": 0.32681402564048767, "accuracy": 0.8811983466148376}