{"model_name": "vE5-B128", "loss": 0.3742362856864929, "accuracy": 0.8491735458374023}