{"model_name": "vgg16_e10b64_6", "version": 1, "loss": 0.3898624777793884, "accuracy": 0.9266529083251953}